{
  "pose_type": "aruco_single_marker",
  "source_image": "ref.jpg",
  "aruco_dictionary": "DICT_4X4_50",
  "aruco_id": 0,
  "center_x": 1213.0,
  "center_y": 1069.75,
  "major_axis_x": -0.9998852610588074,
  "major_axis_y": 0.015149775892496109,
  "minor_axis_x": -0.015149775892496109,
  "minor_axis_y": -0.9998852610588074,
  "angle_deg": 179.13194855025446,
  "marker_side_px": 57.599666595458984,
  "marker_size_mm": 40.7,
  "mm_per_pixel_marker": 0.7066013122237185,
  "real_length_mm": 115.6,
  "real_width_mm": 63.4,
  "mouse_length_px": 163.6000358337852,
  "mouse_width_px": 89.72527916835625,
  "mm_per_pixel_length": 0.7066013122237185,
  "mm_per_pixel_width": 0.7066013122237185,
  "aruco_corners": [
    [
      1250.0,
      1093.0
    ],
    [
      1184.0,
      1094.0
    ],
    [
      1175.0,
      1047.0
    ],
    [
      1243.0,
      1045.0
    ]
  ],
  "note": "Single ArUco pilot ref. Origin is marker center, not physical mouse center unless offset calibration is added."
}