{
  "image": "mouse_ref.jpg",
  "corners": {
    "top_left": [
      720.8959350585938,
      64.12654876708984
    ],
    "top_right": [
      1736.2037353515625,
      33.73496627807617
    ],
    "bottom_right": [
      1798.3304443359375,
      1070.58837890625
    ],
    "bottom_left": [
      712.9469604492188,
      1086.074462890625
    ]
  },
  "roi": {
    "x1": 692,
    "y1": 13,
    "x2": 1819,
    "y2": 1107,
    "width": 1127,
    "height": 1094
  }
}